Workbook

Sheet ticket
A1: ticket_id | B1: created_at | C1: closed_at | D1: outlet_id | E1: cms_id
A2: isu-sjd-457 | B2: 2021-08-19 16:45:43 | C2: 2021-08-22 12:33:32 | D2: wrqy-juv-978 | E2: vew-iuvd-12
A3: qer-fal-092 | B3: 2021-08-21 11:09:22 | C3: 2021-08-21 17:13:45 | D3: 8woh-k3u-23b | E3: cms-abc-001
A4: tkt-mno-103 | B4: 2021-08-22 08:30:00 | C4: 2021-08-22 09:45:00 | D4: wrqy-juv-978 | E4: cms-def-002
A5: tkt-pqr-204 | B5: 2021-08-23 14:00:00 | C5: 2021-08-24 10:00:00 | D5: out-xyz-333 | E5: cms-ghi-003
A6: tkt-stu-305 | B6: 2021-08-24 09:15:00 | C6: 2021-08-24 09:50:00 | D6: 8woh-k3u-23b | E6: cms-jkl-004
A7: tkt-vwx-406 | B7: 2021-08-25 11:00:00 | C7: 2021-08-25 11:45:00 | D7: wrqy-juv-978 | E7: cms-mno-005
A8: tkt-yz1-507 | B8: 2021-08-26 16:00:00 | C8: 2021-08-27 16:30:00 | D8: out-xyz-333 | E8: cms-pqr-006
A9: tkt-234-608 | B9: 2021-08-27 10:30:00 | C9: 2021-08-27 10:55:00 | D9: 8woh-k3u-23b | E9: cms-stu-007
A10: tkt-567-709 | B10: 2021-08-28 13:00:00 | C10: 2021-08-28 14:00:00 | D10: wrqy-juv-978 | E10: cms-vwx-008
A11: tkt-890-810 | B11: 2021-08-29 09:00:00 | C11: 2021-08-29 09:10:00 | D11: out-xyz-333 | E11: cms-yz1-009

Sheet feedbacks
A1: cms_id | B1: feedback_at | C1: feedback_rating | D1: ticket_created_at
A2: vew-iuvd-12 | B2: 2021-08-21 13:26:48 | C2: 3 | D2: =IFERROR(VLOOKUP(A2,ticket!$E:$B,2,FALSE()),"Not Found") -> Not Found
A3: cms-abc-001 | B3: 2021-08-22 09:00:00 | C3: 5 | D3: =IFERROR(VLOOKUP(A3,ticket!$E:$B,2,FALSE()),"Not Found") -> Not Found
A4: cms-def-002 | B4: 2021-08-23 11:00:00 | C4: 4 | D4: =IFERROR(VLOOKUP(A4,ticket!$E:$B,2,FALSE()),"Not Found") -> Not Found
A5: cms-ghi-003 | B5: 2021-08-25 08:00:00 | C5: 2 | D5: =IFERROR(VLOOKUP(A5,ticket!$E:$B,2,FALSE()),"Not Found") -> Not Found
A6: cms-jkl-004 | B6: 2021-08-25 10:30:00 | C6: 5 | D6: =IFERROR(VLOOKUP(A6,ticket!$E:$B,2,FALSE()),"Not Found") -> Not Found
A7: cms-mno-005 | B7: 2021-08-26 12:00:00 | C7: 3 | D7: =IFERROR(VLOOKUP(A7,ticket!$E:$B,2,FALSE()),"Not Found") -> Not Found
A8: cms-pqr-006 | B8: 2021-08-28 09:00:00 | C8: 4 | D8: =IFERROR(VLOOKUP(A8,ticket!$E:$B,2,FALSE()),"Not Found") -> Not Found
A9: cms-stu-007 | B9: 2021-08-28 11:30:00 | C9: 5 | D9: =IFERROR(VLOOKUP(A9,ticket!$E:$B,2,FALSE()),"Not Found") -> Not Found
A10: cms-vwx-008 | B10: 2021-08-29 15:00:00 | C10: 1 | D10: =IFERROR(VLOOKUP(A10,ticket!$E:$B,2,FALSE()),"Not Found") -> Not Found
A11: cms-yz1-009 | B11: 2021-08-30 10:00:00 | C11: 4 | D11: =IFERROR(VLOOKUP(A11,ticket!$E:$B,2,FALSE()),"Not Found") -> Not Found

Sheet Analysis
A1: Q2 — Outlet-wise ticket count: Created & Closed same day / same hour
A3: ticket_id | B3: outlet_id | C3: created_at | D3: closed_at | E3: Same Day? | F3: Same Hour of Same Day?
A4: isu-sjd-457 | B4: wrqy-juv-978 | C4: 2021-08-19 16:45:43 | D4: 2021-08-22 12:33:32 | E4: =IF(INT(C4)=INT(D4),"Yes","No") -> No | F4: =IF(AND(INT(C4)=INT(D4),HOUR(C4)=HOUR(D4)),"Yes","No") -> No
A5: qer-fal-092 | B5: 8woh-k3u-23b | C5: 2021-08-21 11:09:22 | D5: 2021-08-21 17:13:45 | E5: =IF(INT(C5)=INT(D5),"Yes","No") -> Yes | F5: =IF(AND(INT(C5)=INT(D5),HOUR(C5)=HOUR(D5)),"Yes","No") -> No
A6: tkt-mno-103 | B6: wrqy-juv-978 | C6: 2021-08-22 08:30:00 | D6: 2021-08-22 09:45:00 | E6: =IF(INT(C6)=INT(D6),"Yes","No") -> Yes | F6: =IF(AND(INT(C6)=INT(D6),HOUR(C6)=HOUR(D6)),"Yes","No") -> No
A7: tkt-pqr-204 | B7: out-xyz-333 | C7: 2021-08-23 14:00:00 | D7: 2021-08-24 10:00:00 | E7: =IF(INT(C7)=INT(D7),"Yes","No") -> No | F7: =IF(AND(INT(C7)=INT(D7),HOUR(C7)=HOUR(D7)),"Yes","No") -> No
A8: tkt-stu-305 | B8: 8woh-k3u-23b | C8: 2021-08-24 09:15:00 | D8: 2021-08-24 09:50:00 | E8: =IF(INT(C8)=INT(D8),"Yes","No") -> Yes | F8: =IF(AND(INT(C8)=INT(D8),HOUR(C8)=HOUR(D8)),"Yes","No") -> Yes
A9: tkt-vwx-406 | B9: wrqy-juv-978 | C9: 2021-08-25 11:00:00 | D9: 2021-08-25 11:45:00 | E9: =IF(INT(C9)=INT(D9),"Yes","No") -> Yes | F9: =IF(AND(INT(C9)=INT(D9),HOUR(C9)=HOUR(D9)),"Yes","No") -> Yes
A10: tkt-yz1-507 | B10: out-xyz-333 | C10: 2021-08-26 16:00:00 | D10: 2021-08-27 16:30:00 | E10: =IF(INT(C10)=INT(D10),"Yes","No") -> No | F10: =IF(AND(INT(C10)=INT(D10),HOUR(C10)=HOUR(D10)),"Yes","No") -> No
A11: tkt-234-608 | B11: 8woh-k3u-23b | C11: 2021-08-27 10:30:00 | D11: 2021-08-27 10:55:00 | E11: =IF(INT(C11)=INT(D11),"Yes","No") -> Yes | F11: =IF(AND(INT(C11)=INT(D11),HOUR(C11)=HOUR(D11)),"Yes","No") -> Yes
A12: tkt-567-709 | B12: wrqy-juv-978 | C12: 2021-08-28 13:00:00 | D12: 2021-08-28 14:00:00 | E12: =IF(INT(C12)=INT(D12),"Yes","No") -> Yes | F12: =IF(AND(INT(C12)=INT(D12),HOUR(C12)=HOUR(D12)),"Yes","No") -> No
A13: tkt-890-810 | B13: out-xyz-333 | C13: 2021-08-29 09:00:00 | D13: 2021-08-29 09:10:00 | E13: =IF(INT(C13)=INT(D13),"Yes","No") -> Yes | F13: =IF(AND(INT(C13)=INT(D13),HOUR(C13)=HOUR(D13)),"Yes","No") -> Yes
A16: Summary: Outlet-wise Counts
A17: outlet_id | B17: Same Day Count | C17: Same Hour Count
A18: 8woh-k3u-23b | B18: =COUNTIFS($B$4:$B$13,A18,$E$4:$E$13,"Yes") -> 3 | C18: =COUNTIFS($B$4:$B$13,A18,$F$4:$F$13,"Yes") -> 2
A19: out-xyz-333 | B19: =COUNTIFS($B$4:$B$13,A19,$E$4:$E$13,"Yes") -> 1 | C19: =COUNTIFS($B$4:$B$13,A19,$F$4:$F$13,"Yes") -> 1
A20: wrqy-juv-978 | B20: =COUNTIFS($B$4:$B$13,A20,$E$4:$E$13,"Yes") -> 3 | C20: =COUNTIFS($B$4:$B$13,A20,$F$4:$F$13,"Yes") -> 1
